<?xml version="1.0" encoding="UTF-8"?>
<metadata>
  <groupId>org.codehaus.mojo</groupId>
  <artifactId>sonar-maven-plugin</artifactId>
  <versioning>
    <latest>3.6.0.1398</latest>
    <release>3.6.0.1398</release>
    <versions>
      <version>1.0-beta-1</version>
      <version>1.0-beta-2</version>
      <version>1.0</version>
      <version>2.0-beta-1</version>
      <version>2.0-beta-2</version>
      <version>2.0</version>
      <version>2.1</version>
      <version>2.2</version>
      <version>2.3</version>
      <version>2.3.1</version>
      <version>2.4</version>
      <version>2.5</version>
      <version>2.6</version>
      <version>2.7</version>
      <version>2.7.1</version>
      <version>3.0</version>
      <version>3.0.1</version>
      <version>3.0.2</version>
      <version>3.2</version>
      <version>3.3.0.603</version>
      <version>3.4.0.905</version>
      <version>3.4.1.1168</version>
      <version>3.5.0.1254</version>
      <version>3.6.0.1398</version>
    </versions>
    <lastUpdated>20190109202410</lastUpdated>
  </versioning>
</metadata>
